eta,alpha,classifier_free_guidance_weight,mean (100th),std (100th),mean (80th),std (80th),mean (50th),std (50th)
0.0,1.0,-1.5,0.6282258555293083,0.029143634151855786,0.5019535943865776,0.009508430563007403,0.4518045596778393,0.007300534765039754
0.0,0.8,-1.5,0.6411118656396866,0.046801094212192085,0.5005198605358601,0.010447138772729422,0.4500459134578705,0.00660489849858604
0.0,0.95,-1.5,0.6282258555293083,0.029143634151855786,0.5017492137849331,0.009400433282647377,0.4515926390886307,0.006958484917270641
0.0,0.9,-1.5,0.6411118656396866,0.046801094212192085,0.5020883865654469,0.008874055926428105,0.4509938210248947,0.0067834734716451656
