lengthscale,delta,eta,alpha,classifier_free_guidance_weight,mean (100th),std (100th),mean (80th),std (80th),mean (50th),std (50th)
6.0,2.0,0.2,0.8,-2.0,0.8352314010262489,0.06301417299589687,0.45511721447110176,0.04282283955958983,0.3490939103066921,0.02106609370582443
6.0,2.0,0.2,0.9,-2.0,0.8180188834667206,0.05501246573535583,0.45291367173194885,0.034747875175514836,0.3518143892288208,0.02468951746583022
6.0,2.0,0.2,0.95,-2.0,0.8224596530199051,0.0441039552496382,0.45877518132328987,0.03164341874880383,0.3534385859966278,0.02119457162009323
6.0,2.0,0.2,1.0,-2.0,0.8088507056236267,0.04005117968142462,0.46249719336628914,0.051996974955815116,0.35231083631515503,0.024073235879913876
6.0,2.0,0.2,0.8,-1.5,0.8280689492821693,0.03775788392044051,0.45706407725811005,0.03394808013955213,0.35323602706193924,0.020374176841083638
6.0,2.0,0.2,0.9,-1.5,0.8052752017974854,0.039355167266357585,0.4592560939490795,0.03204866969611713,0.35386423766613007,0.027894910668289894
6.0,2.0,0.2,0.95,-1.5,0.8117436617612839,0.07345497865657334,0.46893857046961784,0.04006742049629973,0.34958183765411377,0.024062126061122787
6.0,2.0,0.2,1.0,-1.5,0.8187910690903664,0.02587096819769447,0.46182505413889885,0.03617575751854454,0.35281597077846527,0.022831201931102177
6.0,2.0,0.2,0.8,-1,0.8144935965538025,0.039910449318407794,0.4633943513035774,0.04445850645765148,0.35142073407769203,0.0220509924577054
