lengthscale,delta,eta,alpha,classifier_free_guidance_weight,mean (100th),std (100th),mean (80th),std (80th),mean (50th),std (50th)
6.0,1.0,0.2,0.8,-2.0,0.8199039772152901,0.030229965794454753,0.48034611716866493,0.02540210686493689,0.3657330125570297,0.012059062039892854
6.0,1.0,0.2,0.9,-2.0,0.8160772696137428,0.05945124544043428,0.47608860954642296,0.03586196261105316,0.3594445176422596,0.013380676230631609
6.0,1.0,0.2,0.95,-2.0,0.7844726890325546,0.0571858108597599,0.4739242196083069,0.03061080543324691,0.3603539541363716,0.015051010165090301
6.0,1.0,0.2,1.0,-2.0,0.8044126182794571,0.0559261583232036,0.4708375595510006,0.03223215458070655,0.36100224032998085,0.011972529485937989
6.0,1.0,0.2,0.8,-1.5,0.8016930669546127,0.047866131801492115,0.479600515216589,0.03763361519634221,0.35679927840828896,0.01885405699478967
6.0,1.0,0.2,0.9,-1.5,0.8052354454994202,0.044623045110087974,0.47654208168387413,0.024868140595971373,0.3599189706146717,0.01575077206724825
6.0,1.0,0.2,0.95,-1.5,0.8056311309337616,0.03683629118077545,0.48249780759215355,0.040990141889066016,0.3571322076022625,0.012505526245728616
6.0,1.0,0.2,1.0,-1.5,0.7978857606649399,0.05076639772426341,0.49059272930026054,0.03410739619041474,0.3575364947319031,0.019753458406630824
6.0,1.0,0.2,0.8,-1,0.7883949801325798,0.029543754192687604,0.4647040590643883,0.03150249623480827,0.36231205612421036,0.01996505518394886
