eta,alpha,classifier_free_guidance_weight,mean (100th),std (100th),mean (80th),std (80th),mean (50th),std (50th)
0.0,0.8,-1.5,0.8945867195725441,0.041993435923551335,0.7136922776699066,0.0692967880507934,0.4492232948541641,0.010558590799390267
