eta,alpha,classifier_free_guidance_weight,mean (100th),std (100th),mean (80th),std (80th),mean (50th),std (50th)
0.1,0.8,-1,0.940844751894474,0.004957356005292283,0.8846237435936928,0.0061751186219988615,0.7941484078764915,0.001809036068299268
0.1,0.9,-1,0.940844751894474,0.004957356005292283,0.8846237435936928,0.0061751186219988615,0.7941484078764915,0.001809036068299268
0.1,0.95,-1,0.940844751894474,0.004957356005292283,0.8846237435936928,0.0061751186219988615,0.7941484078764915,0.001809036068299268
0.1,1.0,-1,0.940844751894474,0.004957356005292283,0.8846237435936928,0.0061751186219988615,0.7941484078764915,0.001809036068299268
