lengthscale,eta,alpha,classifier_free_guidance_weight,mean (100th),std (100th),mean (80th),std (80th),mean (50th),std (50th)
1.0,0.1,0.95,-1.0,0.9423141181468964,0.03547522522531861,0.7866983935236931,0.05236996355257957,0.4639239273965359,0.0070700148111964
1.0,0.1,0.9,-1.0,0.9423141181468964,0.03547522522531861,0.7866983935236931,0.05236996355257957,0.4639239273965359,0.0070700148111964
1.0,0.1,0.8,-1.0,0.9423141181468964,0.03547522522531861,0.7866983935236931,0.05236996355257957,0.4639239273965359,0.0070700148111964
1.0,0.1,0.95,-1.5,0.8843165785074234,0.04669208309436564,0.6781009882688522,0.06907109353063909,0.4370981864631176,0.025882145471205643
1.0,0.1,0.9,-1.5,0.8667835593223572,0.051088444498217186,0.6963936537504196,0.07902922327724106,0.44056401774287224,0.0217273356194938
1.0,0.1,0.8,-1.5,0.8892806619405746,0.0403107321198894,0.7087884098291397,0.07181151033523128,0.44799983128905296,0.009981634244826626
1.0,0.1,0.95,1.0,0.871618926525116,0.04963207392457868,0.5977106168866158,0.14881921207495116,0.4731975458562374,0.10716907979708488
