eta,alpha,classifier_free_guidance_weight,mean (100th),std (100th),mean (80th),std (80th),mean (50th),std (50th)
0.0,0.8,-1.5,0.9032350108027458,0.034549833726553826,0.6424534246325493,0.04754258342444399,0.4344237148761749,0.016084524274604866
