eta,alpha,classifier_free_guidance_weight,mean (100th),std (100th),mean (80th),std (80th),mean (50th),std (50th)
0.0,0.8,-1.5,0.620613157749176,0.02808206660713799,0.504740908741951,0.012058190423936696,0.45164870098233223,0.007257632995504018
