eta,alpha,classifier_free_guidance_weight,mean (100th),std (100th),mean (80th),std (80th),mean (50th),std (50th)
0.0,0.8,-1.5,0.9236818104982376,0.011702067519346635,0.8555929064750671,0.011641763512906989,0.7620489597320557,0.007773343338474408
