eta,alpha,classifier_free_guidance_weight,mean (100th),std (100th),mean (80th),std (80th),mean (50th),std (50th)
0.0,0.8,-1.5,0.8140925839543343,0.10069797043750006,0.5054065436124802,0.053446045538830166,0.39484548568725586,0.04655948950559957
